Experiment,SMA,Upper %,Lower %,Exit mode,Execution,TQQQ weight %,Signal source,Reset mode,Cooldown sessions,Cost bps per leg,Return %,VOO return %,Excess vs VOO %,Annualized %,Sharpe,Max drawdown %,Recovery sessions,TQQQ time %,Turnover,Sessions,Episode Episodes,Episode Closed episodes,Episode Median excess %,Episode Mean excess %,Episode Beat VOO %,Episode Worst excess %,Episode Compounded relative wealth %,Largest daily contribution %,Top 5 daily contribution %
Baseline,200,1.0,-1.0,ath_trailing_close,next_open,100.0,spx_close,band,5,5.0,2462.8434085593267,813.8052368025571,1649.0381717567693,22.567278924116806,0.6819859719385589,-75.47684267106584,868,33.209047974148646,18.0,4023,9,9,9.089306192234293,16.881480017561277,66.66666666666666,-27.59645580393967,182.99517743840278,1.0958222910236866,4.4763908351415616
SMA 150,150,1.0,-1.0,ath_trailing_close,next_open,100.0,spx_close,band,5,5.0,3951.0180941581384,813.8052368025571,3137.212857355581,26.125907324121634,0.7360903771895105,-74.21607957661145,679,42.033308476261496,26.0,4023,13,13,9.089306192234181,16.504427589279636,76.92307692307693,-23.338894389842125,349.1166889128637,0.6830742462026407,2.790331352510003
SMA 250,250,1.0,-1.0,ath_trailing_close,next_open,100.0,spx_close,band,5,5.0,1929.457518389816,813.8052368025571,1115.652281587259,20.792391280186106,0.6850261242067126,-74.0388807789655,656,25.22992791449167,12.0,4023,6,6,13.757500453766834,20.395700616401673,50.0,-14.270930031117224,123.425836686796,1.8266384728447203,5.260639003229774
Entry buffer 0%,200,0.0,-1.0,ath_trailing_close,next_open,100.0,spx_close,band,5,5.0,2811.4540085745457,813.8052368025571,1997.6487717719883,23.548329723638627,0.6895212565979931,-74.81570206033238,699,34.153616703952274,18.0,4023,9,9,13.257534745772626,18.197732136367826,66.66666666666666,-22.34927416331949,221.48957716595768,1.253593807354252,4.529042988243551
Entry buffer 2%,200,2.0,-1.0,ath_trailing_close,next_open,100.0,spx_close,band,5,5.0,2341.7407174229766,813.8052368025571,1527.9354806204194,22.19696284631936,0.6752816429983464,-75.4768426710658,868,33.05990554312702,18.0,4023,9,9,9.089306192234247,16.307494252993262,66.66666666666666,-27.596455803939623,169.62273437304103,1.1524925395541075,4.707886565083136
Sell at ATH,200,1.0,-1.0,sell_at_ath,next_open,100.0,spx_close,band,5,5.0,1344.0328480703056,813.8052368025571,530.2276112677484,18.24977339238547,0.6072693724178433,-75.47684267106582,868,25.727069351230426,18.0,4023,9,9,9.841643511239395,6.868099537249478,77.77777777777779,-27.59645580393978,59.45349243801616,2.008015436732013,8.202663854750583
Immediate 10% trail,200,1.0,-1.0,immediate_trailing_close,next_open,100.0,spx_close,band,5,5.0,1818.5019582843033,813.8052368025571,1004.6967214817462,20.36860028962191,0.8618165127009245,-48.63167245954474,318,14.069102659706687,46.0,4023,23,23,-2.001635907015764,5.593926013365038,43.47826086956522,-19.732893326046142,114.83368361142334,0.6673501360597709,2.7837037294155964
Trend failure exit,200,1.0,-1.0,trend_failure,next_open,100.0,spx_close,band,5,5.0,5294.858424662488,813.8052368025571,4481.05318785993,28.40490862315064,0.806684278400471,-59.35763678735515,586,60.10439970171514,49.0,4023,25,24,-2.001635907015753,14.810809672141787,44.0,-12.94449748998433,505.3258268344518,0.25528555987936274,1.0479627761605919
10% trail peak starts at ATH,200,1.0,-1.0,ath_trailing_after_activation,next_open,100.0,spx_close,band,5,5.0,2008.0375188773435,813.8052368025571,1194.2322820747863,21.07957938239884,0.6542038551165003,-75.47684267106582,894,33.75590355456127,18.0,4023,9,9,9.089306192234293,15.120500016924723,66.66666666666666,-32.081249550015265,132.7744448642917,1.3440180679038989,5.490260793845849
8% ATH trail,200,1.0,-1.0,ath_trailing_close,next_open,100.0,spx_close,band,5,5.0,2184.674670467072,813.8052368025571,1370.8694336645146,21.690143801580586,0.669210858167548,-75.4768426710658,868,30.7979120059657,18.0,4023,9,9,14.82692126434053,14.286789794585344,77.77777777777779,-27.59645580393959,152.2791332465006,1.2353503900986178,5.04635761630667
15% ATH trail,200,1.0,-1.0,ath_trailing_close,next_open,100.0,spx_close,band,5,5.0,2523.8138700097893,813.8052368025571,1710.0086332072324,22.747551639445195,0.6829596094180794,-75.47684267106582,868,35.19761372110366,18.0,4023,9,9,17.400772677236787,17.384966688109575,66.66666666666666,-27.596455803939822,189.72767872937166,1.0693493440503195,4.368249890956108
Trend recross reset,200,1.0,-1.0,ath_trailing_close,next_open,100.0,spx_close,trend_recross,5,5.0,3075.284815464014,813.8052368025571,2261.4795786614573,24.220086822730824,0.707415887341575,-75.47684267106575,868,36.863037534178474,22.0,4023,11,11,9.089306192234293,16.17814960436826,72.72727272727273,-27.59645580393967,251.32469143915327,0.8775898391033586,3.584919877022943
Five-session cooldown reset,200,1.0,-1.0,ath_trailing_close,next_open,100.0,spx_close,cooldown,5,5.0,15301.959975467686,813.8052368025571,14488.154738665127,37.10751058774233,0.8355907141508433,-84.97183961310716,995,89.90802883420334,99.0,4023,50,49,2.2419049322411677,8.564834634472687,57.99999999999999,-37.994898714490176,1671.9356120588377,0.23032483031328932,0.8321284387567216
50% TQQQ risk-on,200,1.0,-1.0,ath_trailing_close,next_open,50.0,spx_close,band,5,5.0,1762.3105013966722,813.8052368025571,948.505264594115,20.145134404542464,0.7635441187084575,-52.966044476643326,476,16.604523987074323,9.0,4023,9,9,4.613484079849406,9.915956571395663,66.66666666666666,-6.722156492775366,104.71669594055268,1.0220345868128753,4.126632917365037
QQQ signal,200,1.0,-1.0,ath_trailing_close,next_open,100.0,qqq_close,band,5,5.0,6177.7104689177295,813.8052368025571,5363.905232115172,29.627205030582115,0.92091401131932,-56.16232761274376,70,25.553069848371862,22.0,4023,11,11,11.752476793593413,24.00040293414041,81.81818181818183,-4.621081003454086,594.5879886729348,0.4368671403392708,1.6942659593972607
"Weekly signal, 40-week SMA",40,1.0,-1.0,ath_trailing_close,next_open,100.0,spx_close,band,5,5.0,2065.551883566928,813.8052368025537,1251.7466467643744,21.241153504321186,1.5239944699674224,-70.85444666450992,553,28.4688995215311,14.0,836,7,7,31.349940319047143,17.870538005804054,71.42857142857143,-18.85736743531853,138.64730434215616,1.2730392240314368,5.668260749540976
QQQ traded in same risk-on windows,200,1.0,-1.0,ath_trailing_close,next_open,100.0,spx_close,band,5,5.0,1059.1067949664596,813.8052368025571,245.30155816390237,16.636222268634484,0.8972842874455162,-32.307902554288304,257,56.87298036291325,16.0,4023,8,8,1.4166411664215839,3.996471795153422,75.0,-6.429734409432452,27.863298391176762,0.875684200489027,3.8194216697683983
