Period,Return %,VOO return %,Excess vs VOO %,Annualized %,Sharpe,Max drawdown %,Recovery sessions,TQQQ time %,Turnover,Sessions
2010,13.458869876304668,13.458869876304602,6.661338147750939e-14,56.13799791126313,3.3314997699039224,-3.7446384767457985,17,0.0,0.0,80
2011,-5.930815152650382,1.897401695736467,-7.828216848386848,-6.882244437185115,0.2228377778362178,-43.91141392057012,-1,52.38095238095239,1.0,252
2012,76.99438525609641,15.992828293620942,61.00155696247547,67.99855020329117,2.3289970949135435,-17.223515876478913,190,40.0,2.0,250
2013,32.184163781230815,32.38645981480377,-0.20229603357295733,21.046596651532234,1.2835248284032417,-12.113190730669189,182,29.365079365079367,1.0,252
2014,22.854579533648334,12.927947736809209,9.926631796839125,24.133763309743795,1.310449048502317,-14.34720693852517,-1,15.079365079365079,2.0,252
2015,-0.7061963762482915,1.3250819642393052,-2.0312783404875967,-0.7105580382108845,0.09657213150114877,-13.052137670894004,-1,18.650793650793652,1.0,252
2016,3.256406609285234,12.166787298169357,-8.910380688884123,10.099716105836865,0.2713477553612211,-34.116566905685396,69,28.968253968253972,1.0,252
2017,21.77353864068219,21.773538640682432,-2.4424906541753444e-13,21.26692025068282,3.0047618744912095,-2.583302606503468,19,0.0,0.0,251
2018,-30.561913454365055,-4.500697013278487,-26.061216441086565,-31.22654575480923,-0.7366887920258849,-48.73970832344797,-1,13.94422310756972,1.0,251
2019,73.94317394158676,31.365060047479588,42.578113894107176,72.06366617661308,1.8972117530384738,-20.031830554276453,-1,36.11111111111111,1.0,252
2020,72.12526434026655,18.32440155210959,53.80086278815697,70.92735601920151,1.0692975902616402,-63.28862995478231,82,51.38339920948617,2.0,253
2021,28.794421194623567,28.794421194623432,1.3322676295501878e-13,30.975326826691575,2.021270362791688,-5.093750682910104,16,0.0,0.0,252
2022,-73.58570460666844,-18.174019577707355,-55.41168502896109,-74.15698046232373,-0.9750078064760768,-75.47684267106582,-1,92.03187250996015,1.0,251
2023,190.87739254696206,26.323849503691086,164.55354304327096,202.35642638908593,2.3019988405459912,-33.14182095559587,47,95.6,1.0,250
2024,24.976036887621156,24.97603688762129,-1.3322676295501878e-13,25.87853267574982,1.8349061621978635,-8.446366524077487,45,0.0,0.0,252
2025,58.60471964062093,17.82335609506007,40.78136354556086,59.46082480326109,1.668846327009168,-18.68940467747504,36,42.0,2.0,250
2026,64.08739770999613,13.176333367473326,50.91106434252279,106.20513688334702,2.453057901155249,-16.246275263047295,-1,23.976608187134502,2.0,171
rolling_252_2011-09-07,5.411222678183347,9.428247113975141,-4.017024435791794,6.681365654356908,0.35159967363685124,-43.91141392057016,-1,20.634920634920633,1.0,252
rolling_252_2011-12-06,3.443230984885104,4.92955717382062,-1.4863261889355162,3.040037096608317,0.36580634039492366,-43.911413920570176,-1,45.63492063492063,1.0,252
rolling_252_2012-03-08,38.194735241743636,5.667992527398469,32.52674271434517,40.94037051529544,0.8266222207956136,-43.91141392057014,173,70.63492063492063,1.0,252
rolling_252_2012-06-07,41.96833206881336,5.013514700675836,36.954817368137526,41.054208433581785,0.8640584599980986,-43.91141392057014,173,80.95238095238095,2.0,252
rolling_252_2012-09-06,71.42268154210907,22.146044288421617,49.27663725368745,74.16067013423702,1.3599243590250532,-28.963800796262984,55,60.317460317460316,1.0,252
rolling_252_2012-12-07,62.21721819565713,15.251756084683388,46.965462110973746,61.8116043355913,1.8762041999115604,-17.223515876478945,-1,40.476190476190474,2.0,252
rolling_252_2013-03-12,32.694946697410664,16.26473547452827,16.430211222882395,30.84518045625917,1.1603034167371002,-17.22351587647889,190,40.476190476190474,2.0,252
rolling_252_2013-06-11,31.579405323519772,26.469477332728488,5.109927990791285,30.23929291152465,1.1244114568212533,-12.113190730669176,-1,40.476190476190474,2.0,252
rolling_252_2013-09-10,25.08642405467889,20.22865305340842,4.857771001270472,24.370672315806008,0.9483563491719036,-12.113190730669189,-1,40.476190476190474,2.0,252
rolling_252_2013-12-09,32.100705151334495,30.31976542445185,1.7809397268826466,31.058356718295865,1.1815579082102767,-12.113190730669155,182,35.317460317460316,1.0,252
rolling_252_2014-03-12,15.756938947561029,22.843723083185875,-7.086784135624846,16.18440860557815,0.9137564996714692,-12.1131907306692,182,10.317460317460316,1.0,252
rolling_252_2014-06-11,22.07627166398243,22.07627166398236,6.661338147750939e-14,23.119536340845627,1.8708702697946062,-5.667840415560099,21,0.0,0.0,252
rolling_252_2014-09-10,20.93533842354349,20.935338423543627,-1.3322676295501878e-13,20.63885376099752,1.920700437007181,-5.667840415560121,21,0.0,0.0,252
rolling_252_2014-12-09,36.8878987109587,16.126241472441237,20.76165723851746,37.508701374464934,2.16773662694493,-7.299542304878493,8,13.492063492063492,1.0,252
rolling_252_2015-03-12,22.089010928205322,12.22423696108872,9.864773967116601,23.545108462362975,1.2561942763724716,-14.347206938525181,-1,15.079365079365079,2.0,252
rolling_252_2015-06-11,19.773030887742138,10.095387764243945,9.677643123498193,20.749104478150727,1.1405517804367507,-14.347206938525204,-1,15.079365079365079,2.0,252
rolling_252_2015-09-10,8.015489669400932,-0.7121458682695203,8.727635537670453,7.943796695982641,0.49268060270609065,-18.25831939215794,-1,15.079365079365079,2.0,252
rolling_252_2015-12-09,-6.562490405096833,0.9596261548396878,-7.522116559936521,-1.8140000608753315,-0.19110864505622172,-13.052137670894004,-1,14.285714285714285,2.0,252
rolling_252_2016-03-11,-18.643042276208345,-0.017726824645647454,-18.625315451562695,-18.19944732115716,-0.29337286847106603,-43.45390955006948,-1,37.698412698412696,1.0,252
rolling_252_2016-06-10,-8.449551731888505,1.485165685640255,-9.93471741752876,-7.799861980240408,0.006602523169920977,-43.45390955006946,-1,47.61904761904761,2.0,252
rolling_252_2016-09-09,0.44851875191391777,11.348822002064374,-10.900303250150456,0.030828590789000465,0.2210964179552373,-43.45390955006948,-1,47.61904761904761,2.0,252
rolling_252_2016-12-08,0.8314327212127326,12.087277779532112,-11.25584505831938,-0.5804139037884015,0.2167119004828228,-41.95828614832756,-1,34.92063492063492,1.0,252
rolling_252_2017-03-13,32.89438081035196,19.872731495630227,13.021649314721738,32.2508293848833,2.0117201662839412,-5.581635069956892,11,9.920634920634921,1.0,252
rolling_252_2017-06-12,18.334674139123596,18.334674139124086,-4.884981308350689e-13,19.304033388829247,1.8254520424217089,-5.346703854922996,11,0.0,0.0,252
rolling_252_2017-09-11,19.306368324923074,19.30636832492363,-5.551115123125783e-13,17.68889639690645,2.254718619575441,-3.9526343314802315,11,0.0,0.0,252
rolling_252_2017-12-08,20.412943302816267,20.412943302816732,-4.662936703425657e-13,19.757333362273943,2.791269010041553,-2.5833026065035347,19,0.0,0.0,252
rolling_252_2018-03-13,18.73891720298102,18.73891720298102,0.0,19.214439545291228,1.7249479345156313,-10.088848332728716,-1,0.0,0.0,252
rolling_252_2018-06-12,16.935610312836502,16.935610312836236,2.6645352591003757e-13,16.428453509825623,1.3239593437477584,-10.088848332728706,-1,0.0,0.0,252
rolling_252_2018-09-11,18.326993717492734,18.326993717492492,2.4424906541753444e-13,17.960969817853712,1.4203371734376729,-10.088848332728674,167,0.0,0.0,252
rolling_252_2018-12-11,-14.388605998790238,1.3410922612906884,-15.729698260080927,-14.674278523505835,-0.3742169153896156,-28.498712169934482,-1,8.73015873015873,1.0,252
rolling_252_2019-03-14,-2.3941261398293334,3.6476869366554032,-6.041813076484736,-1.8784087277817996,0.17344532422362424,-48.73970832344799,-1,33.730158730158735,1.0,252
rolling_252_2019-06-13,1.9547185279686685,5.896660668099818,-3.9419421401311494,2.363659713179267,0.28163293439579634,-48.73970832344799,87,50.0,2.0,252
rolling_252_2019-09-12,2.3501100789036,6.3073395018500955,-3.9572294229464955,2.3401671370536947,0.29137001090503845,-48.73970832344797,87,50.0,2.0,252
rolling_252_2019-12-11,38.5257676827397,21.549027595703475,16.976740087036223,35.26134492671203,0.9965526434708649,-34.50432740982794,38,41.269841269841265,1.0,252
rolling_252_2020-03-13,-26.277475129015105,-1.804049991207013,-24.473425137808093,-28.144554602935855,-0.2503675788152425,-53.72568004753294,-1,19.841269841269842,2.0,252
rolling_252_2020-06-12,3.9903085877743605,7.188213007669075,-3.197904419894715,4.161464945839133,0.4957888552277816,-63.28862995478231,82,28.57142857142857,1.0,252
rolling_252_2020-09-11,64.58766485833397,13.142815041508626,51.44484981682533,64.91138262312172,1.02297767318917,-63.28862995478233,82,51.587301587301596,2.0,252
rolling_252_2020-12-10,72.99162907054684,18.919968325117352,54.07166074542948,71.80128545025899,1.0769086224248736,-63.28862995478233,82,51.587301587301596,2.0,252
rolling_252_2021-03-15,195.51050421403588,49.17653612481243,146.33396808922345,353.2595271162792,1.8281062806497572,-22.04627542103176,-1,48.01587301587302,1.0,252
rolling_252_2021-06-14,113.28708677126941,42.24601059513289,71.04107617613653,106.53488742318831,2.3151077912786504,-22.04627542103178,198,23.015873015873016,1.0,252
rolling_252_2021-09-13,35.78901302172228,35.78901302172199,2.886579864025407e-13,34.18165545051237,2.2914632451232366,-7.382920031274642,10,0.0,0.0,252
rolling_252_2021-12-10,30.29474153085696,30.29474153085698,-2.220446049250313e-14,30.58041231676807,2.1714173229664744,-5.093750682910104,16,0.0,0.0,252
rolling_252_2022-03-14,-26.464646638411704,6.645959708588256,-33.11060634699996,-26.521453377472547,-0.6966205732569627,-39.823885238529066,-1,11.507936507936508,1.0,252
rolling_252_2022-06-13,-60.4577670585821,-10.705264711498918,-49.75250234708318,-60.601385837301414,-1.0914783163133006,-65.15643194751453,-1,36.507936507936506,1.0,252
rolling_252_2022-09-13,-57.971257310349515,-10.699146591664931,-47.27211071868458,-57.87689107382601,-0.7048338568202621,-66.99824661115143,-1,61.50793650793651,1.0,252
rolling_252_2022-12-12,-66.71044651112636,-13.96380521390066,-52.74664129722571,-66.53808399827778,-0.750262031698205,-74.10887392008274,-1,86.5079365079365,1.0,252
rolling_252_2023-03-15,-41.721157818897034,-5.114303373476481,-36.60685444542055,-46.682087715724855,-0.12939073909621845,-74.03888077896552,-1,100.0,0.0,252
rolling_252_2023-06-14,76.05765718513788,18.630550061422223,57.42710712371566,74.98781149456144,1.1141322414584962,-58.23124339228058,166,100.0,0.0,252
rolling_252_2023-09-14,64.46201086879897,16.52004475188842,47.94196611691055,60.90392971686456,1.0644548062112225,-38.516762958836146,36,100.0,0.0,252
rolling_252_2023-12-13,129.13885488511224,19.921057896779114,109.21779698833312,122.282593435521,1.7716267048619785,-33.14182095559578,47,100.0,0.0,252
rolling_252_2024-03-15,134.30446883933337,33.496562807810506,100.80790603152288,117.22745177515428,2.1844289146666553,-33.14182095559579,47,75.0,1.0,252
rolling_252_2024-06-14,42.662073521678344,26.13331581405809,16.528757707620258,37.856940222241505,1.1859863643514945,-33.14182095559586,47,50.0,1.0,252
rolling_252_2024-09-16,41.93285757984131,26.842928176384675,15.089929403456637,49.32261304617705,1.4263239812504231,-22.267308072576387,15,25.0,1.0,252
rolling_252_2024-12-13,30.984783600826727,30.280219203761582,0.7045643970651438,29.922033241800182,2.2809083151555347,-8.446366524077465,45,0.0,1.0,252
rolling_252_2025-03-19,12.37748778788852,12.377487787888652,-1.3322676295501878e-13,11.653630055992448,0.9251870613379696,-10.044904845596658,-1,0.0,0.0,252
rolling_252_2025-06-18,19.899474693357956,11.547910156885477,8.351564536472477,18.913124379053436,0.9003894325787627,-18.689404677475007,36,10.317460317460316,1.0,252
rolling_252_2025-09-18,58.84513255785902,19.225934776135855,39.61919778172316,58.621162577122085,1.808998429006726,-18.689404677475018,36,35.317460317460316,1.0,252
rolling_252_2025-12-17,51.46633507039577,12.520434283736282,38.94590078665949,50.74727966271948,1.5028452502362597,-18.68940467747503,36,41.66666666666667,2.0,252
rolling_252_2026-03-20,56.29282666445354,16.105910422561553,40.18691624189199,56.70156147502685,1.628131408327932,-13.62979143321229,34,41.66666666666667,2.0,252
rolling_252_2026-06-22,129.53492312318505,26.415488878382078,103.11943424480296,131.79920426893733,2.616159673623927,-16.246275263047295,-1,47.61904761904761,3.0,252
rolling_756_2013-09-10,126.02959788338559,60.70035309411883,65.32924478926677,31.702767882180495,0.8600946802659931,-43.91141392057016,173,40.476190476190474,4.0,756
rolling_756_2013-12-09,121.66859185923045,57.59980690684996,64.06878495238048,30.170335903725665,0.8453741942625463,-43.911413920570176,173,40.476190476190474,4.0,756
rolling_756_2014-03-12,112.2720999985404,50.91917935187871,61.35292064666169,29.244920955106778,0.8105304066641543,-43.91141392057014,173,40.476190476190474,4.0,756
rolling_756_2014-06-11,128.03980253977127,62.12954909808277,65.91025344168851,31.21668110839464,0.8682777251643853,-43.91141392057014,173,40.476190476190474,4.0,756
rolling_756_2014-09-10,159.31741629842756,77.59903954212373,81.71837675630384,37.93553105457617,1.1382930546909136,-28.963800796262984,55,33.5978835978836,3.0,756
rolling_756_2014-12-09,193.33720013309483,74.41675849787211,118.9204416352227,42.971965574776675,1.6256544474002148,-17.223515876478945,190,29.761904761904763,4.0,756
rolling_756_2015-03-12,87.53312628834892,60.28306529213925,27.25006099620968,22.773275212921362,1.0886420397405714,-17.22351587647889,190,21.957671957671955,5.0,756
rolling_756_2015-06-11,92.38810455272323,69.97541342057967,22.41269113214357,23.976797117475513,1.1968129786257335,-14.347206938525192,-1,18.51851851851852,4.0,756
rolling_756_2015-09-10,63.3990172671401,44.36347599072703,19.03554127641307,17.583309974391415,0.9060130710284557,-18.25831939215796,-1,18.51851851851852,4.0,756
rolling_756_2015-12-09,68.96293597464651,52.78769999951736,16.175235975129155,18.787047640029186,0.9096181137369437,-18.25831939215795,-1,21.03174603174603,4.0,756
rolling_756_2016-03-11,14.978942355982184,37.83599260785915,-22.857050251876963,4.881393119223287,0.3076275117381135,-45.397397237446505,-1,21.03174603174603,4.0,756
rolling_756_2016-06-10,33.859984926575805,36.396412456815284,-2.5364275302394823,10.513446640862046,0.4944224897713372,-45.3973972374464,-1,20.8994708994709,4.0,756
rolling_756_2016-09-09,31.214793084403492,33.701098560507134,-2.486305476103645,9.380900301327856,0.46967319100994187,-45.39739723744648,-1,20.8994708994709,4.0,756
rolling_756_2016-12-08,28.968084550259032,31.411818578430918,-2.4437340281718845,8.989424787555356,0.4485799751862726,-45.39739723744648,-1,20.8994708994709,4.0,756
rolling_756_2017-03-13,32.001204329957275,34.50241101148392,-2.5012066815266465,10.101863643621932,0.4781742301245137,-45.397397237446505,-1,20.8994708994709,4.0,756
rolling_756_2017-06-12,29.75722047078049,32.215907332504614,-2.458686861724124,9.341042821686397,0.45757591621094684,-45.397397237446555,-1,20.8994708994709,4.0,756
rolling_756_2017-09-11,29.447361188834797,31.9001767245338,-2.4528155356990045,8.94866695536669,0.45471312109333367,-45.39739723744649,490,20.8994708994709,4.0,756
rolling_756_2017-12-08,13.446307519219204,36.26277453886089,-22.816467019641685,6.044790232757458,0.29272407329510486,-43.45390955006946,384,16.402116402116402,3.0,756
rolling_756_2018-03-13,28.379122350704588,42.31035182027074,-13.931229469566153,8.903804955175975,0.4520046679779704,-43.45390955006948,384,15.873015873015872,2.0,756
rolling_756_2018-06-12,26.683274655287214,40.43047697964612,-13.74720232435891,8.46650320021045,0.4334370420669273,-43.45390955006946,384,15.873015873015872,2.0,756
rolling_756_2018-09-11,41.804820225486125,57.19295697450533,-15.3881367490192,12.188642295648112,0.5844909489948532,-43.45390955006948,384,15.873015873015872,2.0,756
rolling_756_2018-12-11,3.944300025950964,36.77763015032915,-32.83333012437819,0.8225604875974346,0.18951441791112325,-41.95828614832756,367,14.550264550264549,2.0,756
rolling_756_2019-03-14,54.01948122229183,47.52753988142586,6.49194134086597,15.27264073681871,0.6498357167297727,-48.73970832344801,-1,14.550264550264549,2.0,756
rolling_756_2019-06-13,41.0802224786045,46.534899634865724,-5.454677156261223,12.4476823839885,0.5373249041142567,-48.73970832344799,87,16.666666666666664,2.0,756
rolling_756_2019-09-12,44.48932786797426,50.07581350145496,-5.586485633480698,12.527050497605696,0.5636164565692787,-48.73970832344797,87,16.666666666666664,2.0,756
rolling_756_2019-12-11,42.80233423987241,48.323594532448965,-5.5212602925765575,12.367570010156804,0.5504483449157805,-48.739708323448006,87,16.666666666666664,2.0,756
rolling_756_2020-03-13,-14.558426279660065,20.84989430348305,-35.408320583143116,-5.005309026142979,0.0913578952035737,-53.72568004753294,-1,17.857142857142858,3.0,756
rolling_756_2020-06-12,23.978673012895246,32.73213577833594,-8.75346276544069,7.25854791317897,0.4223967957302631,-63.28862995478233,82,26.190476190476193,3.0,756
rolling_756_2020-09-11,99.32851367978613,42.32266263402684,57.00585104575928,25.71704721519459,0.693494630825439,-63.28862995478231,82,33.86243386243386,4.0,756
rolling_756_2020-12-10,105.15741711509551,46.48456120957314,58.67285590552238,26.949754188817153,0.7090693343835893,-63.288629954782316,82,33.86243386243386,4.0,756
rolling_756_2021-03-15,112.64201430922638,51.82864260438647,60.813371704839916,28.78218639724168,0.7288572558013602,-63.28862995478231,82,33.86243386243386,4.0,756
rolling_756_2021-06-14,126.13342435161958,61.461651773388226,64.67177257823136,31.390362028601704,0.7629488911811187,-63.288629954782316,82,33.86243386243386,4.0,756
rolling_756_2021-09-13,128.7442728773026,63.325825177632765,65.41844769966983,31.713588618551782,0.769230232305375,-63.28862995478233,82,33.86243386243386,4.0,756
rolling_756_2021-12-10,212.23568951315036,88.33592193630562,123.89976757684474,45.03856325017757,0.9515561691402917,-63.28862995478233,82,30.952380952380953,3.0,756
rolling_756_2022-03-14,60.202506707228395,56.22067197401934,3.9818347332090553,16.069373664959663,0.5730343173515505,-63.28862995478231,82,26.455026455026452,4.0,756
rolling_756_2022-06-13,-12.296157836978205,36.14853729464191,-48.44469513162012,-4.234028810042057,0.273689267512301,-65.1564319475145,-1,29.365079365079367,3.0,756
rolling_756_2022-09-13,-6.06913681792941,37.19782322018597,-43.26696003811538,-2.0566892913845836,0.33343100382511287,-66.99824661115142,-1,37.698412698412696,3.0,756
rolling_756_2022-12-12,-24.965680674018852,33.31004274940288,-58.27572342342173,-9.392930374145681,0.25824695743335374,-74.10887392008274,-1,46.03174603174603,3.0,756
rolling_756_2023-03-15,26.64265937373247,50.95436508726752,-24.311705713535048,24.601086032882048,0.4759850727066565,-75.47684267106582,-1,53.17460317460318,2.0,756
rolling_756_2023-06-14,48.48434615734951,50.6823877002772,-2.1980415429276867,12.796084943809038,0.5246167766436589,-75.47684267106585,-1,53.17460317460318,2.0,756
rolling_756_2023-09-14,-6.1408480710749895,41.29307721054045,-47.433925281615444,-2.5126017110178034,0.26930352878371927,-75.47684267106582,-1,53.835978835978835,1.0,756
rolling_756_2023-12-13,-0.6120810595544035,34.43227054237843,-35.04435160193283,-0.16177302029722895,0.30819384329472627,-75.47684267106582,-1,62.16931216931217,1.0,756
rolling_756_2024-03-15,0.41247473041134963,35.08752383903699,-34.67504910862564,0.17500180107181684,0.3133942835130668,-75.4768426710658,-1,62.16931216931217,2.0,756
rolling_756_2024-06-14,-0.682760363101409,33.61407547316961,-34.29683583627102,-0.15837776376096402,0.307434029687433,-75.47684267106585,-1,62.16931216931217,2.0,756
rolling_756_2024-09-16,-1.8941418981982872,31.98437226706954,-33.87851416526782,-0.4620284823739107,0.3013567887467849,-75.47684267106585,-1,62.16931216931217,2.0,756
rolling_756_2024-12-13,-0.08572178741610426,34.417287056613446,-34.50300884402955,0.26874429527490307,0.31090538355359887,-75.47684267106582,-1,62.16931216931217,2.0,756
rolling_756_2025-03-19,53.45138272855308,42.347601371859135,11.103781356693943,11.93949315867824,0.537933913890062,-74.03888077896552,656,58.333333333333336,1.0,756
rolling_756_2025-06-18,201.1485182968898,66.91208992805784,134.23642836883195,43.89402888719878,0.9751487551285903,-58.23124339228058,166,53.43915343915344,2.0,756
rolling_756_2025-09-18,270.78525403332276,76.21287545180557,194.57237858151717,53.38168180943998,1.1889488855731634,-38.516762958836146,36,53.43915343915344,2.0,756
rolling_756_2025-12-17,354.60656440231685,75.79451941655897,278.8120449857579,63.645977238593154,1.5397159856899325,-33.14182095559578,47,47.22222222222222,3.0,756
rolling_756_2026-03-20,311.5275709782555,74.1821838416865,237.34538713656903,55.96201655888893,1.6542472246683588,-33.14182095559579,47,38.88888888888889,3.0,756
rolling_756_2026-06-22,292.62195749457413,77.8654270509832,214.75653044359095,55.50027702031291,1.6162821993147574,-33.14182095559586,47,35.978835978835974,5.0,756
rolling_1260_2015-09-10,195.25997282716796,92.95950654373976,102.3004662834282,24.453648995763878,0.8095447144945922,-43.91141392057016,173,27.3015873015873,6.0,1260
rolling_1260_2015-12-09,183.52442215197996,84.77098956738645,98.75343258459353,23.06253136653669,0.7771261082730497,-43.911413920570176,173,29.841269841269842,7.0,1260
rolling_1260_2016-03-11,110.84542984133306,69.3378739053944,41.50755593593865,16.50271463134283,0.5839788192362402,-45.39739723744647,-1,34.84126984126984,7.0,1260
rolling_1260_2016-06-10,150.0519070131405,81.14813426714531,68.90377274599517,19.913236363562902,0.6716625380069677,-45.397397237446455,-1,36.82539682539683,8.0,1260
rolling_1260_2016-09-09,181.35929138935697,96.34613835462798,85.01315303472899,23.303814900520937,0.7985323936967504,-45.39739723744651,-1,32.698412698412696,7.0,1260
rolling_1260_2016-12-08,176.3658233105197,97.37505609530774,78.99076721521195,22.48441779628041,0.8836693739917939,-45.39739723744651,-1,27.6984126984127,7.0,1260
rolling_1260_2017-03-13,102.75861302849813,92.1016289340306,10.656984094467536,14.875833269372851,0.6808654866846331,-45.397397237446505,-1,22.6984126984127,7.0,1260
rolling_1260_2017-06-12,108.42543194720275,104.12711164380268,4.298320303400072,15.596449541842006,0.7164956703314006,-45.397397237446505,-1,20.634920634920633,6.0,1260
rolling_1260_2017-09-11,95.81980020474843,91.78144358404039,4.038356620708039,14.260632915784077,0.6684994034635514,-45.39739723744647,490,20.634920634920633,6.0,1260
rolling_1260_2017-12-08,105.14482114338657,106.21387687604238,-1.0690557326558103,15.270895871682466,0.7120984732316122,-45.39739723744643,490,19.603174603174605,5.0,1260
rolling_1260_2018-03-13,81.43372271351122,96.18966421295406,-14.755941499442837,12.726571032142742,0.636052628812731,-45.397397237446505,490,14.603174603174605,5.0,1260
rolling_1260_2018-06-12,85.22925399713928,88.73904506354222,-3.5097910664029452,13.299151169478684,0.6675701384533429,-45.3973972374464,490,12.53968253968254,4.0,1260
rolling_1260_2018-09-11,85.23807394525338,88.74803213523212,-3.5099581899787458,13.053592169123029,0.6694029198143475,-45.39739723744648,490,12.53968253968254,4.0,1260
rolling_1260_2018-12-11,32.949586378773034,60.35894059499596,-27.409354216222926,5.931583327439771,0.35408126252551286,-45.39739723744648,490,14.285714285714285,5.0,1260
rolling_1260_2019-03-14,52.98432399960489,65.53230711496691,-12.547983115362026,9.114074743866475,0.4355490921079023,-48.73970832344799,-1,19.28571428571429,5.0,1260
rolling_1260_2019-06-13,54.698338972910435,63.72415652510512,-9.025817552194692,9.277370427787645,0.4386921009640614,-48.73970832344804,87,22.53968253968254,6.0,1260
rolling_1260_2019-09-12,56.770862067640614,65.91760021568605,-9.14673814804543,9.384724724892157,0.4468102729996431,-48.739708323448006,87,22.53968253968254,6.0,1260
rolling_1260_2019-12-11,34.54033329206023,67.84727593396278,-33.30694264190255,7.169019025606338,0.34791628688593784,-48.739708323447985,87,19.841269841269842,5.0,1260
rolling_1260_2020-03-13,-7.621574249921704,44.840389157089724,-52.461963407011424,-1.451789524328595,0.15236831199481593,-53.725680047532954,-1,20.238095238095237,5.0,1260
rolling_1260_2020-06-12,34.31344175373559,59.40086247476255,-25.087420721026966,6.231049930372667,0.37217064317920806,-63.28862995478231,82,25.238095238095237,5.0,1260
rolling_1260_2020-09-11,138.87824037565153,89.07029986193493,49.807940513716595,18.916574957735975,0.6055043517132759,-63.28862995478233,82,29.841269841269842,6.0,1260
rolling_1260_2020-12-10,149.09002319083058,97.70668234162527,51.383340849205304,19.678506257959526,0.6230035111881366,-63.28862995478233,82,27.3015873015873,5.0,1260
rolling_1260_2021-03-15,235.54346101023623,116.10618421856867,119.43727679166756,27.233672467228143,0.7549706817563823,-63.288629954782316,82,22.301587301587304,5.0,1260
rolling_1260_2021-06-14,212.91297036559786,123.4231635655375,89.48980680006038,25.805585236813823,0.7268106310815233,-63.288629954782316,82,20.317460317460316,4.0,1260
rolling_1260_2021-09-13,222.92203903063984,130.56974423579723,92.35229479484262,26.050392700983128,0.740337630522362,-63.28862995478231,82,20.317460317460316,4.0,1260
rolling_1260_2021-12-10,221.87502759480867,129.82216701964853,92.05286057516014,26.17351018766758,0.7386941694036292,-63.288629954782316,82,20.317460317460316,4.0,1260
rolling_1260_2022-03-14,85.66854988977862,92.26100154220988,-6.592451652431275,13.25306892147946,0.5059073889590581,-63.28862995478231,82,22.61904761904762,5.0,1260
rolling_1260_2022-06-13,4.561724233427156,68.59396785466816,-64.03224362124101,0.7980831342753847,0.3024830361720526,-65.15643194751452,-1,27.61904761904762,5.0,1260
rolling_1260_2022-09-13,13.757609738597566,72.58152451948237,-58.8239147808848,2.535304311482567,0.34692840638735795,-66.99824661115146,-1,32.61904761904762,5.0,1260
rolling_1260_2022-12-12,-11.01391882014202,64.21012713010666,-75.22404595024868,-2.3689843924755816,0.2821191190926311,-74.10887392008273,-1,37.61904761904762,5.0,1260
rolling_1260_2023-03-15,-8.871089850657842,53.638078358589226,-62.509168209247065,-1.7362775141913867,0.2995006817169229,-75.47684267106584,-1,42.61904761904762,5.0,1260
rolling_1260_2023-06-14,57.42759755156328,71.03767697564732,-13.61007942408403,9.58374965535318,0.4721490647400451,-75.47684267106582,-1,47.61904761904761,5.0,1260
rolling_1260_2023-09-14,58.11105024695682,69.94606495598357,-11.835014709026748,9.583343203411122,0.4757974728798459,-75.47684267106584,-1,52.61904761904762,5.0,1260
rolling_1260_2023-12-13,138.17120349632646,94.31655731550525,43.8546461808212,18.35500763243647,0.5995621817437606,-75.47684267106587,-1,55.87301587301587,4.0,1260
rolling_1260_2024-03-15,118.75641335927742,97.88338730418187,20.873026055095558,16.368454587893268,0.5719012092901326,-75.47684267106585,-1,50.87301587301587,5.0,1260
rolling_1260_2024-06-14,120.28355156589737,103.72265933566797,16.560892230229385,17.138301769838616,0.5734639409276379,-75.4768426710658,-1,47.61904761904761,4.0,1260
rolling_1260_2024-09-16,119.2587107058333,102.77486589433322,16.48384481150007,16.969749455145667,0.5719960340104724,-75.47684267106582,-1,47.61904761904761,4.0,1260
rolling_1260_2024-12-13,125.20577991932717,108.27483512405465,16.93094479527253,17.40552230102994,0.5804428574721944,-75.47684267106582,-1,47.61904761904761,4.0,1260
rolling_1260_2025-03-19,233.45705690120502,126.46186465134606,106.99519224985896,38.38883990822859,0.7087954665361317,-75.47684267106582,-1,46.904761904761905,3.0,1260
rolling_1260_2025-06-18,153.9840728912249,112.00872990457404,41.975342986650865,19.628391450460825,0.6209192449626535,-75.47684267106585,868,43.96825396825397,4.0,1260
rolling_1260_2025-09-18,111.60868280445592,113.67704989917442,-2.068367094718493,15.838755094947722,0.5510033146511049,-75.47684267106582,868,44.36507936507936,3.0,1260
rolling_1260_2025-12-17,97.18349555017963,97.06677716615602,0.11671838402360635,14.52481013000535,0.5227687086763577,-75.47684267106582,868,45.63492063492063,4.0,1260
rolling_1260_2026-03-20,76.36241436802185,76.25802055985724,0.10439380816460453,12.015414443223648,0.4783084604759252,-75.4768426710658,868,45.63492063492063,4.0,1260
rolling_1260_2026-06-22,173.3321342989698,88.41433320512844,84.91780109384138,22.235731928055525,0.6498766257429182,-75.47684267106585,868,48.888888888888886,6.0,1260
