Policy,Status,Entry fill date,Exit fill date,Strategy return %,VOO hold return %,Excess vs VOO %,Relative wealth %,TQQQ weight average %,QLD weight average %,Prior volatility max %
Current strategy: 100% TQQQ risk-on,Closed,2011-06-24,2012-04-17,49.050635171476856,9.271351536108119,39.779283635368735,36.40412887381912,99.51219512195122,0.0,146.9117140494366
Current strategy: 100% TQQQ risk-on,Closed,2012-11-20,2013-04-19,17.722241044497245,12.5270947810455,5.195146263451744,4.616795869084167,99.02912621359224,0.0,56.483964305748025
Current strategy: 100% TQQQ risk-on,Closed,2014-10-22,2014-12-16,10.991489473274484,2.136974532158975,8.85451494111551,8.66925516608832,97.43589743589743,0.0,67.9661298049386
Current strategy: 100% TQQQ risk-on,Closed,2015-10-26,2016-04-19,-7.661735792362756,2.332565529655395,-9.994301322018151,-9.766491507653896,99.17355371900827,0.0,90.07338164987753
Current strategy: 100% TQQQ risk-on,Closed,2018-11-08,2019-05-14,-1.8606919851490766,1.6963517075729184,-3.557043692721995,-3.4977102255843384,99.21259842519686,0.0,116.72455307385643
Current strategy: 100% TQQQ risk-on,Closed,2020-03-03,2020-09-04,62.92919540928437,12.865342609418517,50.06385279986585,44.357153083844935,99.23664122137404,0.0,266.3566009828316
Current strategy: 100% TQQQ risk-on,Closed,2022-02-01,2023-12-14,-19.814444796026798,7.823193006870444,-27.637637802897242,-25.63236816881892,99.78768577494692,0.0,136.43147796854166
Current strategy: 100% TQQQ risk-on,Closed,2025-05-13,2025-10-13,54.03374608976912,13.92008152081521,40.11366456895391,35.21211013321162,99.05660377358491,0.0,80.06499289177737
Current strategy: 100% TQQQ risk-on,Closed,2026-04-09,2026-06-08,58.596916272923515,10.17666118656242,48.420255086361095,43.94783302097978,97.61904761904762,0.0,73.13830978920404
TQQQ volatility target 60%,Closed,2011-06-24,2012-04-17,43.726988591185375,9.271351536108119,34.45563705507726,31.532177986918718,83.40558720717488,0.0,146.9117140494366
TQQQ volatility target 60%,Closed,2012-11-20,2013-04-19,17.851863984541527,12.5270947810455,5.324769203496027,4.731988516949559,99.02912621359224,0.0,56.483964305748025
TQQQ volatility target 60%,Closed,2014-10-22,2014-12-16,10.011564839765196,2.136974532158975,7.874590307606222,7.709833136996647,95.16497027128682,0.0,67.9661298049386
TQQQ volatility target 60%,Closed,2015-10-26,2016-04-19,-5.538684116905301,2.332565529655395,-7.871249646560696,-7.691832610489624,91.59353154014643,0.0,90.07338164987753
TQQQ volatility target 60%,Closed,2018-11-08,2019-05-14,4.1976650557258965,1.6963517075729184,2.501313348152978,2.4595900503348256,82.61469127269201,0.0,116.72455307385643
TQQQ volatility target 60%,Closed,2020-03-03,2020-09-04,56.690270316822364,12.865342609418517,43.82492770740385,38.82939323461257,69.11712060325918,0.0,266.3566009828316
TQQQ volatility target 60%,Closed,2022-02-01,2023-12-14,18.067878743956545,7.823193006870444,10.244685737086101,9.501374844680498,80.38936652399954,0.0,136.43147796854166
TQQQ volatility target 60%,Closed,2025-05-13,2025-10-13,52.26338160129955,13.92008152081521,38.34330008048434,33.65806938391134,98.11196380884442,0.0,80.06499289177737
TQQQ volatility target 60%,Closed,2026-04-09,2026-06-08,54.289226592986985,10.17666118656242,44.112565406424565,40.038030678501535,93.535842131672,0.0,73.13830978920404
TQQQ volatility target 50%,Closed,2011-06-24,2012-04-17,44.66857182624262,9.271351536108119,35.3972202901345,32.39387066466153,75.71116858290219,0.0,146.9117140494366
TQQQ volatility target 50%,Closed,2012-11-20,2013-04-19,17.645402577525935,12.5270947810455,5.118307796480437,4.5485114553429185,97.84597078346417,0.0,56.483964305748025
TQQQ volatility target 50%,Closed,2014-10-22,2014-12-16,8.543261441127225,2.136974532158975,6.406286908968251,6.272250512914068,90.130500687502,0.0,67.9661298049386
TQQQ volatility target 50%,Closed,2015-10-26,2016-04-19,-3.190138913404128,2.332565529655395,-5.5227044430595225,-5.396820078217502,84.38358490515868,0.0,90.07338164987753
TQQQ volatility target 50%,Closed,2018-11-08,2019-05-14,5.605456914872042,1.6963517075729184,3.909105207299124,3.843899158290087,77.30602997574205,0.0,116.72455307385643
TQQQ volatility target 50%,Closed,2020-03-03,2020-09-04,51.22316416358033,12.865342609418517,38.35782155416181,33.98547389955018,60.24266108437486,0.0,266.3566009828316
TQQQ volatility target 50%,Closed,2022-02-01,2023-12-14,22.181510996975582,7.823193006870444,14.35831799010514,13.316539410208561,71.93150878322169,0.0,136.43147796854166
TQQQ volatility target 50%,Closed,2025-05-13,2025-10-13,50.93410738923938,13.92008152081521,37.01402586842417,32.491221367025666,95.57576703833311,0.0,80.06499289177737
TQQQ volatility target 50%,Closed,2026-04-09,2026-06-08,49.89934708454111,10.17666118656242,39.72268589797869,36.053630115652325,88.35557839037759,0.0,73.13830978920404
TQQQ volatility target 40%,Closed,2011-06-24,2012-04-17,44.53121366884017,9.271351536108119,35.259862132732046,32.268166941342,66.41248673637445,0.0,146.9117140494366
TQQQ volatility target 40%,Closed,2012-11-20,2013-04-19,17.534188230774326,12.5270947810455,5.007093449728828,4.449678061511841,91.5950115280113,0.0,56.483964305748025
TQQQ volatility target 40%,Closed,2014-10-22,2014-12-16,6.924084978942702,2.136974532158975,4.787110446783727,4.686951487168289,84.24772578822564,0.0,67.9661298049386
TQQQ volatility target 40%,Closed,2015-10-26,2016-04-19,-1.7032714415734729,2.332565529655395,-4.035836971228868,-3.943844220400494,72.56544469812906,0.0,90.07338164987753
TQQQ volatility target 40%,Closed,2018-11-08,2019-05-14,6.076902531330131,1.6963517075729184,4.380550823757212,4.307480799658814,69.7091421314097,0.0,116.72455307385643
TQQQ volatility target 40%,Closed,2020-03-03,2020-09-04,44.82235066968443,12.865342609418517,31.957008060265913,28.31427905274362,49.16357100697446,0.0,266.3566009828316
TQQQ volatility target 40%,Closed,2022-02-01,2023-12-14,25.3167257448117,7.823193006870444,17.49353273794125,16.22427628982066,58.97015199986574,0.0,136.43147796854166
TQQQ volatility target 40%,Closed,2025-05-13,2025-10-13,48.75725659291139,13.92008152081521,34.83717507209618,30.580363538215003,91.36895234286824,0.0,80.06499289177737
TQQQ volatility target 40%,Closed,2026-04-09,2026-06-08,42.14945790450242,10.17666118656242,31.97279671794,29.019573087080918,73.67122346869539,0.0,73.13830978920404
TQQQ volatility target 30%,Closed,2011-06-24,2012-04-17,44.03694860635685,9.271351536108119,34.76559707024873,31.815838810011087,55.079961745606354,0.0,146.9117140494366
TQQQ volatility target 30%,Closed,2012-11-20,2013-04-19,17.066377315116952,12.5270947810455,4.539282534071454,4.033946262368149,75.22009503565266,0.0,56.483964305748025
TQQQ volatility target 30%,Closed,2014-10-22,2014-12-16,4.847579832097515,2.136974532158975,2.71060529993854,2.6538922974314927,74.81176294230913,0.0,67.9661298049386
TQQQ volatility target 30%,Closed,2015-10-26,2016-04-19,0.1734889222394509,2.332565529655395,-2.159076607415944,-2.1098626778689122,55.313675651804175,0.0,90.07338164987753
TQQQ volatility target 30%,Closed,2018-11-08,2019-05-14,5.262864280759927,1.6963517075729184,3.5665125731870084,3.507021159856838,57.99018009492034,0.0,116.72455307385643
TQQQ volatility target 30%,Closed,2020-03-03,2020-09-04,37.282147774755245,12.865342609418517,24.41680516533673,21.633572007869105,38.37702142431462,0.0,266.3566009828316
TQQQ volatility target 30%,Closed,2022-02-01,2023-12-14,23.635306170820613,7.823193006870444,15.812113163950169,14.664853379868493,44.35281208915771,0.0,136.43147796854166
TQQQ volatility target 30%,Closed,2025-05-13,2025-10-13,42.13550814090945,13.92008152081521,28.21542662009424,24.767737385211387,77.77626158665967,0.0,80.06499289177737
TQQQ volatility target 30%,Closed,2026-04-09,2026-06-08,33.4468445397166,10.17666118656242,23.270183353154184,21.120791919579695,55.253417601521534,0.0,73.13830978920404
TQQQ half-size when prior volatility exceeds 60%,Closed,2011-06-24,2012-04-17,62.9840124598827,9.271351536108119,53.71266092377458,49.15530023990371,74.39024390243902,0.0,146.9117140494366
TQQQ half-size when prior volatility exceeds 60%,Closed,2012-11-20,2013-04-19,17.851863984541527,12.5270947810455,5.324769203496027,4.731988516949559,99.02912621359224,0.0,56.483964305748025
TQQQ half-size when prior volatility exceeds 60%,Closed,2014-10-22,2014-12-16,6.345571890287349,2.136974532158975,4.208597358128374,4.120542416109307,83.33333333333334,0.0,67.9661298049386
TQQQ half-size when prior volatility exceeds 60%,Closed,2015-10-26,2016-04-19,-2.291231385043213,2.332565529655395,-4.623796914698608,-4.5184022219775795,79.75206611570248,0.0,90.07338164987753
TQQQ half-size when prior volatility exceeds 60%,Closed,2018-11-08,2019-05-14,6.6845526167985225,1.6963517075729184,4.988200909225604,4.904994943741081,76.37795275590551,0.0,116.72455307385643
TQQQ half-size when prior volatility exceeds 60%,Closed,2020-03-03,2020-09-04,37.43245635470036,12.865342609418517,24.567113745281844,21.766747149564523,56.87022900763359,0.0,266.3566009828316
TQQQ half-size when prior volatility exceeds 60%,Closed,2022-02-01,2023-12-14,17.447006612191963,7.823193006870444,9.62381360532152,8.925550558225726,68.47133757961782,0.0,136.43147796854166
TQQQ half-size when prior volatility exceeds 60%,Closed,2025-05-13,2025-10-13,50.89442932187098,13.92008152081521,36.97434780105577,32.45639162775695,96.69811320754717,0.0,80.06499289177737
TQQQ half-size when prior volatility exceeds 60%,Closed,2026-04-09,2026-06-08,45.20318681474569,10.17666118656242,35.02652562818327,31.791238952932833,82.14285714285714,0.0,73.13830978920404
50% TQQQ / 50% VOO risk-on,Closed,2011-06-24,2012-04-17,31.1321125620573,9.271351536108119,21.86076102594918,20.00594000040845,49.75609756097561,0.0,146.9117140494366
50% TQQQ / 50% VOO risk-on,Closed,2012-11-20,2013-04-19,16.09761304990094,12.5270947810455,3.570518268855438,3.1730298163326065,49.51456310679612,0.0,56.483964305748025
50% TQQQ / 50% VOO risk-on,Closed,2014-10-22,2014-12-16,6.357245372510412,2.136974532158975,4.220270840351437,4.131971658336764,48.717948717948715,0.0,67.9661298049386
50% TQQQ / 50% VOO risk-on,Closed,2015-10-26,2016-04-19,-1.5052776254387723,2.332565529655395,-3.837843155094167,-3.7503634695662758,49.586776859504134,0.0,90.07338164987753
50% TQQQ / 50% VOO risk-on,Closed,2018-11-08,2019-05-14,1.9082237260980905,1.6963517075729184,0.21187201852517212,0.20833787541800763,49.60629921259843,0.0,116.72455307385643
50% TQQQ / 50% VOO risk-on,Closed,2020-03-03,2020-09-04,41.17415590070132,12.865342609418517,28.30881329128281,25.081936258545024,49.61832061068702,0.0,266.3566009828316
50% TQQQ / 50% VOO risk-on,Closed,2022-02-01,2023-12-14,0.9411086027256932,7.823193006870444,-6.88208440414475,-6.3827495849675175,49.89384288747346,0.0,136.43147796854166
50% TQQQ / 50% VOO risk-on,Closed,2025-05-13,2025-10-13,33.39287915493316,13.92008152081521,19.472797634117956,17.093384567636516,49.528301886792455,0.0,80.06499289177737
50% TQQQ / 50% VOO risk-on,Closed,2026-04-09,2026-06-08,32.42691690003736,10.17666118656242,22.250255713474942,20.19507169108938,48.80952380952381,0.0,73.13830978920404
"QLD instead of TQQQ, same signal and timing",Closed,2011-06-24,2012-04-17,37.31869860291237,9.271351536108119,28.04734706680425,25.66761248261504,0.0,99.51219512195122,146.9117140494366
"QLD instead of TQQQ, same signal and timing",Closed,2012-11-20,2013-04-19,12.343167303843416,12.5270947810455,-0.1839274772020838,-0.1634517247245837,0.0,99.02912621359224,56.483964305748025
"QLD instead of TQQQ, same signal and timing",Closed,2014-10-22,2014-12-16,7.082189443429221,2.136974532158975,4.945214911270246,4.841747989816536,0.0,97.43589743589743,67.9661298049386
"QLD instead of TQQQ, same signal and timing",Closed,2015-10-26,2016-04-19,-3.8246032704694066,2.332565529655395,-6.1571688001248015,-6.016822473135875,0.0,99.17355371900827,90.07338164987753
"QLD instead of TQQQ, same signal and timing",Closed,2018-11-08,2019-05-14,2.013032416040872,1.6963517075729184,0.3166807084679535,0.3113982981204355,0.0,99.21259842519686,116.72455307385643
"QLD instead of TQQQ, same signal and timing",Closed,2020-03-03,2020-09-04,53.955156008978136,12.865342609418517,41.08981339955962,36.40605029814592,0.0,99.23664122137404,266.3566009828316
"QLD instead of TQQQ, same signal and timing",Closed,2022-02-01,2023-12-14,0.47951266354289146,7.823193006870444,-7.343680343327552,-6.8108540829982855,0.0,99.78768577494692,136.43147796854166
"QLD instead of TQQQ, same signal and timing",Closed,2025-05-13,2025-10-13,35.1953050291024,13.92008152081521,21.27522350828719,18.67556906935659,0.0,99.05660377358491,80.06499289177737
"QLD instead of TQQQ, same signal and timing",Closed,2026-04-09,2026-06-08,37.1465285147808,10.17666118656242,26.969867328218378,24.478748074013822,0.0,97.61904761904762,73.13830978920404
50% TQQQ / 50% QLD risk-on,Closed,2011-06-24,2012-04-17,43.81208618695147,9.271351536108119,34.540734650843355,31.61005530294878,49.75609756097561,49.75609756097561,146.9117140494366
50% TQQQ / 50% QLD risk-on,Closed,2012-11-20,2013-04-19,15.176213628233516,12.5270947810455,2.6491188471880145,2.3542053159220533,49.51456310679612,49.51456310679612,56.483964305748025
50% TQQQ / 50% QLD risk-on,Closed,2014-10-22,2014-12-16,8.940279517910831,2.136974532158975,6.803304985751857,6.660961925800679,48.717948717948715,48.717948717948715,67.9661298049386
50% TQQQ / 50% QLD risk-on,Closed,2015-10-26,2016-04-19,-5.499237398983537,2.332565529655395,-7.831802928638931,-7.653285039911683,49.586776859504134,49.586776859504134,90.07338164987753
50% TQQQ / 50% QLD risk-on,Closed,2018-11-08,2019-05-14,0.4981552343172435,1.6963517075729184,-1.198196473255675,-1.1782098896734094,49.60629921259843,49.60629921259843,116.72455307385643
50% TQQQ / 50% QLD risk-on,Closed,2020-03-03,2020-09-04,59.846855336739345,12.865342609418517,46.981512727320826,41.62616410061759,49.61832061068702,49.61832061068702,266.3566009828316
50% TQQQ / 50% QLD risk-on,Closed,2022-02-01,2023-12-14,-8.910296085510028,7.823193006870444,-16.73348909238047,-15.519378183610478,49.89384288747346,49.89384288747346,136.43147796854166
50% TQQQ / 50% QLD risk-on,Closed,2025-05-13,2025-10-13,44.404348804804016,13.92008152081521,30.484267283988807,26.759344688863116,49.528301886792455,49.528301886792455,80.06499289177737
50% TQQQ / 50% QLD risk-on,Closed,2026-04-09,2026-06-08,47.69537039759284,10.17666118656242,37.51870921103042,34.05322761369569,48.80952380952381,48.80952380952381,73.13830978920404
"TQQQ in calm conditions, QLD in high volatility",Closed,2011-06-24,2012-04-17,61.39455686246256,9.271351536108119,52.12320532635444,47.70070525679424,49.26829268292683,50.24390243902439,146.9117140494366
"TQQQ in calm conditions, QLD in high volatility",Closed,2012-11-20,2013-04-19,17.851863984541527,12.5270947810455,5.324769203496027,4.731988516949559,99.02912621359224,0.0,56.483964305748025
"TQQQ in calm conditions, QLD in high volatility",Closed,2014-10-22,2014-12-16,6.442608020071527,2.136974532158975,4.305633487912552,4.215548294468885,69.23076923076923,28.205128205128204,67.9661298049386
"TQQQ in calm conditions, QLD in high volatility",Closed,2015-10-26,2016-04-19,-4.431784008797479,2.332565529655395,-6.7643495384528745,-6.61016315133095,60.33057851239669,38.84297520661157,90.07338164987753
"TQQQ in calm conditions, QLD in high volatility",Closed,2018-11-08,2019-05-14,5.993448861591144,1.6963517075729184,4.297097154018226,4.22541918354602,53.54330708661418,45.66929133858268,116.72455307385643
"TQQQ in calm conditions, QLD in high volatility",Closed,2020-03-03,2020-09-04,50.37028755138342,12.865342609418517,37.5049449419649,33.22981534885727,14.50381679389313,84.7328244274809,266.3566009828316
"TQQQ in calm conditions, QLD in high volatility",Closed,2022-02-01,2023-12-14,10.749432320364294,7.823193006870444,2.9262393134938502,2.7139238153589096,37.15498938428875,62.63269639065817,136.43147796854166
"TQQQ in calm conditions, QLD in high volatility",Closed,2025-05-13,2025-10-13,50.957230473118685,13.92008152081521,37.037148952303475,32.51151900337794,94.33962264150944,4.716981132075472,80.06499289177737
"TQQQ in calm conditions, QLD in high volatility",Closed,2026-04-09,2026-06-08,47.07045880066032,10.17666118656242,36.8937976140979,33.48603707606055,66.66666666666666,30.952380952380953,73.13830978920404
